{"cameraMode":{"drawMode":0,"name":"Shaded","section":"Shading Mode"},"sceneLighting":true,"audioPlay":false,"sceneViewState":{"m_AlwaysRefresh":false,"showFog":true,"showSkybox":true,"showFlares":true,"showImageEffects":true,"showParticleSystems":true,"showVisualEffectGraphs":true,"m_FxEnabled":true},"in2DMode":false,"pivot":{"x":364.3799133300781,"y":303.62030029296877,"z":0.22554922103881837},"rotation":{"x":-0.12280609458684921,"y":-0.44997456669807436,"z":0.06267251074314118,"w":-0.8823761343955994},"size":2.2090671062469484,"orthographic":false}