{"cameraMode":{"drawMode":0,"name":"Shaded","section":"Shading Mode"},"sceneLighting":true,"audioPlay":false,"sceneViewState":{"m_AlwaysRefresh":false,"showFog":true,"showSkybox":true,"showFlares":true,"showImageEffects":true,"showParticleSystems":true,"showVisualEffectGraphs":true,"m_FxEnabled":true},"in2DMode":false,"pivot":{"x":179.29640197753907,"y":402.0856628417969,"z":44.77801513671875},"rotation":{"x":0.030007602646946908,"y":0.14579367637634278,"z":-0.004281157162040472,"w":0.9890073537826538},"size":241.08099365234376,"orthographic":false}